Product Name,SKU,Category,Retail Price,Wholesale Price,Stock Quantity,Reorder Level,Barcode,Description
Classic Foam Double Layer 72*36*4,CFDL72364,MATTRESS,0.00,0.00,0,5,,Supplied by Arpico
Classic Foam Double Layer 72*42*4,CFDL72424,MATTRESS,0.00,0.00,0,5,,Supplied by Arpico
Classic Foam Double Layer 72*48*4,CFDL72484,MATTRESS,0.00,0.00,0,5,,Supplied by Arpico
Classic Foam Double Layer 72*60*4,CFDL72604,MATTRESS,0.00,0.00,0,5,,Supplied by Arpico
Classic Foam Double Layer 72*72*4,CFDL72724,MATTRESS,0.00,0.00,0,5,,Supplied by Arpico
Hybrid Mattrees 72*36*5,HM72365,MATTRESS,0.00,0.00,0,5,,Supplied by Arpico
Hybrid Mattrees 72*48*5,HM72485,MATTRESS,0.00,0.00,0,5,,Supplied by Arpico
Hybrid Mattrees 72*60*5,HM72605,MATTRESS,0.00,0.00,0,5,,Supplied by Arpico
Hybrid Mattrees 72*72*5,HM72725,MATTRESS,0.00,0.00,0,5,,Supplied by Arpico
Hybrid Mattrees 75*36*5,HM75365,MATTRESS,0.00,0.00,0,5,,Supplied by Arpico
Hybrid Mattrees 75*48*5,HM75485,MATTRESS,0.00,0.00,0,5,,Supplied by Arpico
Hybrid Mattrees 75*60*5,HM75605,MATTRESS,0.00,0.00,0,5,,Supplied by Arpico
Hybrid Mattrees 75*72*5,HM75725,MATTRESS,0.00,0.00,0,5,,Supplied by Arpico
Hybrid Mattrees 78*36*5,HM78365,MATTRESS,0.00,0.00,0,5,,Supplied by Arpico
Hybrid Mattrees 78*48*5,HM78485,MATTRESS,0.00,0.00,0,5,,Supplied by Arpico
Hybrid Mattrees 78*60*5,HM78605,MATTRESS,0.00,0.00,0,5,,Supplied by Arpico
Hybrid Mattrees 78*72*5,HM78725,MATTRESS,0.00,0.00,0,5,,Supplied by Arpico
Arpico Flaxifoam spring Mattress 72*36*8,FSM72368,MATTRESS,0.00,0.00,0,5,,Supplied by Arpico
Arpico Flaxifoam spring Mattress 72*48*8,FSM72488,MATTRESS,0.00,0.00,0,5,,Supplied by Arpico
Arpico Flaxifoam spring Mattress 72*60*8,FSM72608,MATTRESS,0.00,0.00,0,5,,Supplied by Arpico
Arpico Flaxifoam spring Mattress 72*72*8,FSM72728,MATTRESS,0.00,0.00,0,5,,Supplied by Arpico
Arpico Flaxifoam spring Mattress 75*36*8,FSM75368,MATTRESS,0.00,0.00,0,5,,Supplied by Arpico
Arpico Flaxifoam spring Mattress 75*48*8,FSM75488,MATTRESS,0.00,0.00,0,5,,Supplied by Arpico
Arpico Flaxifoam spring Mattress 75*60*8,FSM75608,MATTRESS,0.00,0.00,0,5,,Supplied by Arpico
Arpico Flaxifoam spring Mattress 75*72*8,FSM75728,MATTRESS,0.00,0.00,0,5,,Supplied by Arpico
Arpico Flaxifoam spring Mattress 78*36*8,FSM78368,MATTRESS,0.00,0.00,0,5,,Supplied by Arpico
Arpico Flaxifoam spring Mattress 78*48*8,FSM78488,MATTRESS,0.00,0.00,0,5,,Supplied by Arpico
Arpico Flaxifoam spring Mattress 78*60*8,FSM78608,MATTRESS,0.00,0.00,0,5,,Supplied by Arpico
Arpico Flaxifoam spring Mattress 78*72*8,FSM78728,MATTRESS,0.00,0.00,0,5,,Supplied by Arpico
Comfi Pillows 18*27,CP1827,Pillows,0.00,0.00,0,5,,Supplied by Arpico
Comfi Pillows 16*24,CP1624,Pillows,0.00,0.00,0,5,,Supplied by Arpico
Kingstra Double Layer 72*36*4,KDL72364,Mattress,0.00,0.00,0,5,,Supplied by Kingstra
Kingstra Double Layer 72*42*4,KDL72424,Mattress,0.00,0.00,0,5,,Supplied by Kingstra
Kingstra Double Layer 72*48*4,KDL72484,Mattress,0.00,0.00,0,5,,Supplied by Kingstra
Kingstra Double Layer 72*60*4,KDL72604,Mattress,0.00,0.00,0,5,,Supplied by Kingstra
Kingstra Double Layer 72*72*4,KDL72724,Mattress,0.00,0.00,0,5,,Supplied by Kingstra
Super Flex Spring 72*36*7,SFS72367,Spring Mattress,0.00,0.00,0,5,,Supplied by Piyestra Furniture
Super Flex Spring 72*48*7,SFS72487,Spring Mattress,0.00,0.00,0,5,,Supplied by Piyestra Furniture
Super Flex Spring 72*60*7,SFS72607,Spring Mattress,0.00,0.00,0,5,,Supplied by Piyestra Furniture
Super Flex Spring 72*72*7,SFS72727,Spring Mattress,0.00,0.00,0,5,,Supplied by Piyestra Furniture
Super Flex Spring 75*36*7,SFS75367,Spring Mattress,0.00,0.00,0,5,,Supplied by Piyestra Furniture
Super Flex Spring 75*48*7,SFS75487,Spring Mattress,0.00,0.00,0,5,,Supplied by Piyestra Furniture
Super Flex Spring 75*60*7,SFS75607,Spring Mattress,0.00,0.00,0,5,,Supplied by Piyestra Furniture
Super Flex Spring 75*72*7,SFS75727,Spring Mattress,0.00,0.00,0,5,,Supplied by Piyestra Furniture
Super Flex Spring 78*36*7,SFS78367,Spring Mattress,0.00,0.00,0,5,,Supplied by Piyestra Furniture
Super Flex Spring 78*48*7,SFS78487,Spring Mattress,0.00,0.00,0,5,,Supplied by Piyestra Furniture
Super Flex Spring 78*60*7,SFS78607,Spring Mattress,0.00,0.00,0,5,,Supplied by Piyestra Furniture
Super Flex Spring 78*72*7,SFS78727,Spring Mattress,0.00,0.00,0,5,,Supplied by Piyestra Furniture
Kingstra Arm Chair,KVAC010,Plastic Chair,0.00,0.00,0,5,,Supplied by Kingstra
Kingstra Armless Chair,KDC305,Plastic Chair,0.00,0.00,0,5,,Supplied by Kingstra
Recliner Chair,Reno,Sofa,0.00,0.00,0,5,,Supplied by Piyestra Furniture
Rice Cooker 750G,IRC159,Rice Cooker,0.00,0.00,0,5,,Supplied by DR Industreis PVT LTD
Rice Cooker 1KG,IRC189,Rice Cooker,0.00,0.00,0,5,,Supplied by DR Industreis PVT LTD
Rice Cooker 1.5KG,IRC229,Rice Cooker,0.00,0.00,0,5,,Supplied by DR Industreis PVT LTD
Rice Cooker 2KG,IRC289,Rice Cooker,0.00,0.00,0,5,,Supplied by DR Industreis PVT LTD
Rice Cooker 3.5KG,IRC429,Rice Cooker,0.00,0.00,0,5,,Supplied by DR Industreis PVT LTD
Stand Fan 45w 5 Blade,ISf017,Stand Fan,0.00,0.00,0,5,,Supplied by DR Industreis PVT LTD
Pressur Washer 130 Bar,IPW002,Pressur Washer,0.00,0.00,0,5,,Supplied by DR Industreis PVT LTD
Innovex Washing Machine 7Kg Full Auto,IFA70S,Innovex Washing Machine,0.00,0.00,0,5,,Supplied by DR Industreis PVT LTD
Fridge 180l Defrost,DDR195,Fridge,0.00,0.00,0,5,,Supplied by DR Industreis PVT LTD
Fridge 180l Defrose Invertor,IRI195,Fridge,0.00,0.00,0,5,,Supplied by DR Industreis PVT LTD
Fridge 240l Defreost,IDI240,Fridge,0.00,0.00,0,5,,Supplied by DR Industreis PVT LTD
Fridge 250l Invertor,INR240,Fridge,0.00,0.00,0,5,,Supplied by DR Industreis PVT LTD
Arpico Flaxifoam spring Mattress 72*36*10,FSM723610,MATTRESS,0.00,0.00,0,5,,Supplied by Arpico
Arpico Flaxifoam spring Mattress 72*48*10,FSM724810,MATTRESS,0.00,0.00,0,5,,Supplied by Arpico
Arpico Flaxifoam spring Mattress 72*60*10,FSM726010,MATTRESS,0.00,0.00,0,5,,Supplied by Arpico
Arpico Flaxifoam spring Mattress 72*72*10,FSM727210,MATTRESS,0.00,0.00,0,5,,Supplied by Arpico
Arpico Flaxifoam spring Mattress 75*36*10,FSM753610,MATTRESS,0.00,0.00,0,5,,Supplied by Arpico
Arpico Flaxifoam spring Mattress 75*48*10,FSM754810,MATTRESS,0.00,0.00,0,5,,Supplied by Arpico
Arpico Flaxifoam spring Mattress 75*60*10,FSM756010,MATTRESS,0.00,0.00,0,5,,Supplied by Arpico
Arpico Flaxifoam spring Mattress 75*72*10,FSM757210,MATTRESS,0.00,0.00,0,5,,Supplied by Arpico
Arpico Flaxifoam spring Mattress 78*36*10,FSM783610,MATTRESS,0.00,0.00,0,5,,Supplied by Arpico
Arpico Flaxifoam spring Mattress 78*48*10,FSM784810,MATTRESS,0.00,0.00,0,5,,Supplied by Arpico
Arpico Flaxifoam spring Mattress 78*60*10,FSM786010,MATTRESS,0.00,0.00,0,5,,Supplied by Arpico
Arpico Flaxifoam spring Mattress 78*72*10,FSM787210,MATTRESS,0.00,0.00,0,5,,Supplied by Arpico
2003-EXECUTIVE CHAIR-HB-BLUE,A-01-10-01-014-410,Office Chair,0.00,0.00,0,24,,Supplied by Nilkamal
1101A-COMPUTER CHAIR -WITH ARM-BLACK,A-01-10-01-002-407,Office Chair,0.00,0.00,0,24,,Supplied by Nilkamal
Amelia-PRW,A-01-01-04-001-210,Plastic Chair,0.00,0.00,0,24,,Supplied by Nilkamal
Amelia-RSW,A-01-01-04-001-212,Plastic Chair,0.00,0.00,0,24,,Supplied by Nilkamal
Aquarius Solo-BRD,A-01-02-01-002-105,Plastic Chair,0.00,0.00,0,24,,Supplied by Nilkamal
Aquarius Solo-DBL,A-01-02-01-002-109,Plastic Chair,0.00,0.00,0,24,,Supplied by Nilkamal
Aquarius Solo-TPN,A-01-02-01-002-138,Plastic Chair,0.00,0.00,0,24,,Supplied by Nilkamal
Cherry(BRS)-MRN,A-01-02-03-014-120,Plastic Stool,0.00,0.00,0,24,,Supplied by Nilkamal
Cherry(BRS)-NLG,A-01-02-03-014-125,Plastic Stool,0.00,0.00,0,24,,Supplied by Nilkamal
CLB-RSW,A-01-01-04-002-212,Plastic Chair,0.00,0.00,0,24,,Supplied by Nilkamal
CLB-PRW (A-01-01-04-002-212),A-01-01-04-002-212,Plastic Chair,0.00,0.00,0,24,,Supplied by Nilkamal
Concord-PRW,A-01-01-02-011-210,Plastic Chair,0.00,0.00,0,24,,Supplied by Nilkamal
Concord-IBK,A-01-01-02-011-210,Plastic Chair,0.00,0.00,0,24,,Supplied by Nilkamal
Concord-RSW,A-01-01-02-011-212,Plastic Chair,0.00,0.00,0,24,,Supplied by Nilkamal
Desire-BLK,A-01-01-03-009-102,Plastic Chair,0.00,0.00,0,24,,Supplied by Nilkamal
DONUT-BBC/BRD,A-01-02-03-004-342,Plastic Stool,0.00,0.00,0,24,,Supplied by Nilkamal
DONUT-PCH/IBK,A-01-02-03-004-371,Plastic Stool,0.00,0.00,0,24,,Supplied by Nilkamal
DONUT-WBN/BST,A-01-02-03-004-324,Plastic Stool,0.00,0.00,0,24,,Supplied by Nilkamal
Eeezy-IBK,A-01-01-03-017-117I,Plastic Chair,0.00,0.00,0,24,,Supplied by Nilkamal
Eeezy-RDB,A-01-01-03-017-117,Plastic Chair,0.00,0.00,0,24,,Supplied by Nilkamal
Elite-RSW,A-01-01-04-006-212,Plastic Chair,0.00,0.00,0,24,,Supplied by Nilkamal
PRINCE PRW,A-01-01-04-006-212,Plastic Chair,0.00,0.00,0,24,,Supplied by Nilkamal
Freedom Mini Large-GRY/TPN,A-01-02-05-003-308,Storage Cabinet,0.00,0.00,0,24,,Supplied by Nilkamal
Freedom Mini Medium-GRY/DBL,A-01-02-05-002-307,Storage Cabinet,0.00,0.00,0,24,,Supplied by Nilkamal
Freedom Mini Medium-GRY/TPN,A-01-02-05-002-308,Storage Cabinet,0.00,0.00,0,24,,Supplied by Nilkamal
Marvel-BLK,A-01-02-04-004-102,Table,0.00,0.00,0,24,,Supplied by Nilkamal
Marvel-PRW,A-01-02-04-004-210,Table,0.00,0.00,0,24,,Supplied by Nilkamal
Marvel-RSW,A-01-02-04-004-212,Table,0.00,0.00,0,24,,Supplied by Nilkamal
Mystique-PRW (A-01-01-02-014-210),A-01-01-02-014-210,Plastic Chair,0.00,0.00,0,24,,Supplied by Nilkamal
NEO-ibk,A-01-01-04-011-172,Plastic Chair,0.00,0.00,0,24,,Supplied by Nilkamal
NEO-PRW,A-01-01-04-011-118,Plastic Chair,0.00,0.00,0,24,,Supplied by Nilkamal
Opal-PRW,A-01-01-04-004-210,Plastic Chair,0.00,0.00,0,24,,Supplied by Nilkamal
Passion-PRW,A-01-01-03-003-102,Plastic Chair,0.00,0.00,0,24,,Supplied by Nilkamal
Rattan Chair-D Gray,A-01-01-03-016-172,Plastic Chair,0.00,0.00,0,24,,Supplied by Nilkamal
Rocky-Jungle-Blue/Red,A-01-02-01-005-302,Kids Furniture,0.00,0.00,0,24,,Supplied by Nilkamal
Rocky-Jungle-Green/Yellow,A-01-02-01-005-306,Kids Furniture,0.00,0.00,0,24,,Supplied by Nilkamal
STL21-(Stool)-BRD,B-01-01-04-015-105,Plastic Stool,0.00,0.00,0,24,,Supplied by Nilkamal
STL21-(Stool)-DBL,B-01-01-04-015-109,Plastic Stool,0.00,0.00,0,24,,Supplied by Nilkamal
VALENTINE-MBG,A-01-01-04-012-210,Plastic Chair,0.00,0.00,0,24,,Supplied by Nilkamal
VALENTINE-PRW,A-01-01-04-012-210,Plastic Chair,0.00,0.00,0,24,,Supplied by Nilkamal
VALENTINE-RSW (A-01-01-04-012-210),A-01-01-04-012-210,Plastic Chair,0.00,0.00,0,24,,Supplied by Nilkamal
Apple Desk With Chair-Blue/Red,A-01-02-01-006-302,Kids Furniture,0.00,0.00,0,24,,Supplied by Nilkamal
Apple Desk WITH CHAIR-Green/Yellow,A-01-02-01-006-306,Kids Furniture,0.00,0.00,0,24,,Supplied by Nilkamal
Globe W/O Disc-IBK,A-01-01-02-019-117,Plastic Stool,0.00,0.00,0,24,,Supplied by Nilkamal
Grand-RSW,A-01-01-03-014-212,Plastic Chair,0.00,0.00,0,24,,Supplied by Nilkamal
Rio-RSW,A-01-01-01-008-212,Plastic Chair,0.00,0.00,0,24,,Supplied by Nilkamal
1201A COMPUTER CHAIR HB-BLUE,A-01-10-01-016-410,Office Chair,0.00,0.00,0,24,,Supplied by Nilkamal
VALENTINE-RSW (A-01-01-04-012-212),A-01-01-04-012-212,Plastic Chair,0.00,0.00,0,24,,Supplied by Nilkamal
Weekender-BLK,A-01-01-03-006-102,Plastic Chair,0.00,0.00,0,24,,Supplied by Nilkamal
Wonder Baby Chair BRD/CEB/MYEL,B-01-01-01-027-368,Kids Furniture,0.00,0.00,0,24,,Supplied by Nilkamal
Nova-IBK,A-01-02-04-005-117,Plastic Chair,0.00,0.00,0,24,,Supplied by Nilkamal
Mystique-IBK,A-01-01-02-014-117,Plastic Chair,0.00,0.00,0,24,,Supplied by Nilkamal
Mystique-PRW (A-01-01-02-014-117),A-01-01-02-014-117,Plastic Chair,0.00,0.00,0,24,,Supplied by Nilkamal
Mystique-RSW,A-01-01-02-014-212,Plastic Chair,0.00,0.00,0,24,,Supplied by Nilkamal
Rattan Chair-PRW,A-01-01-03-016-141,Plastic Chair,0.00,0.00,0,24,,Supplied by Nilkamal
Rattan Chair-IBK,A-01-01-03-016-141,Plastic Chair,0.00,0.00,0,24,,Supplied by Nilkamal
STL-KICK-BRD,B-01-01-04-016-105,Plastic Stool,0.00,0.00,0,24,,Supplied by Nilkamal
Eeezy-WBN,A-01-01-03-017-141,Plastic Chair,0.00,0.00,0,24,,Supplied by Nilkamal
2001-EXECUTIVE CHAIR-LB-BLACK,A-01-10-01-012-407,Office Chair,0.00,0.00,0,24,,Supplied by Nilkamal
2001-EXECUTIVE CHAIR-LB-BLUE,A-01-10-01-012-410,Office Chair,0.00,0.00,0,24,,Supplied by Nilkamal
Startrek Chair – MWH/DBL,B-01-01-01-026-379,Plastic Chair,0.00,0.00,0,24,,Supplied by Nilkamal
1101-COMPUTER CHAIR-WITHOUT ARM-BLUE,A-01-10-01-001-410,Office Chair,0.00,0.00,0,24,,Supplied by Nilkamal
1101-COMPUTER CHAIR-WITHOUT ARM-BLACK,A-01-10-01-001-407,Office Chair,0.00,0.00,0,24,,Supplied by Nilkamal
CLB-PRW (A-01-01-04-002-210),A-01-01-04-002-210,Plastic Chair,0.00,0.00,0,24,,Supplied by Nilkamal
Trend-flore,A-01-01-03-014-182,Plastic Chair,0.00,0.00,0,24,,Supplied by Nilkamal
ECO BIN 13L PGR/GRY,A-01-02-08-015-382,Waste Bin,0.00,0.00,0,24,,Supplied by Nilkamal
ECO BIN 13L BRD/GRY,A-01-02-08-015-380,Waste Bin,0.00,0.00,0,24,,Supplied by Nilkamal
ECO BIN 13L DBL/GRY,A-01-02-08-015-381,Waste Bin,0.00,0.00,0,24,,Supplied by Nilkamal
LOUNDRY BASKET 50L,A-01-02-04-008-172,Laundry Basket,0.00,0.00,0,24,,Supplied by Nilkamal
2003-EXECUTIVE CHAIR-HB-Black,A-01-10-01-014-410,Office Chair,0.00,0.00,0,24,,Supplied by Nilkamal
Trend-sunset,A-01-01-03-014-181,Plastic Chair,0.00,0.00,0,24,,Supplied by Nilkamal
Trend-ocean,A-01-01-03-014-181,Plastic Chair,0.00,0.00,0,24,,Supplied by Nilkamal
5101-EXECUTIVE CHAIR-HB-Blue,A-01-10-01-014-410,Office Chair,0.00,0.00,0,24,,Supplied by Nilkamal
4502-EXECUTIVE CHAIR-HB,A-01-10-01-014-410,Office Chair,0.00,0.00,0,24,,Supplied by Nilkamal
2203-EXECUTIVE CHAIR-HB-Black,A-01-10-01-014-410,Office Chair,0.00,0.00,0,24,,Supplied by Nilkamal
1101A-COMPUTER CHAIR -WITH ARM-blue,A-01-10-01-002-407,Office Chair,0.00,0.00,0,24,,Supplied by Nilkamal
GANG CHAIR 3 SEATER,PRD-GANG-CHAIR-3-SEATE,Office Chair,0.00,0.00,0,24,,Supplied by Nilkamal
